utcTimeMillis,TimeNanos,LeapSecond,TimeUncertaintyNanos,FullBiasNanos,BiasNanos,BiasUncertaintyNanos,DriftNanosPerSecond,DriftUncertaintyNanosPerSecond,HardwareClockDiscontinuityCount,Svid,TimeOffsetNanos,State,ReceivedSvTimeNanos,ReceivedSvTimeUncertaintyNanos,Cn0DbHz,PseudorangeRateMetersPerSecond,PseudorangeRateUncertaintyMetersPerSecond,AccumulatedDeltaRangeState,AccumulatedDeltaRangeMeters,AccumulatedDeltaRangeUncertaintyMeters,CarrierFrequencyHz,CarrierCycles,CarrierPhase,CarrierPhaseUncertainty,MultipathIndicator,SnrInDb,ConstellationType,AgcDb,BasebandCn0DbHz,FullInterSignalBiasNanos,FullInterSignalBiasUncertaintyNanos,SatelliteInterSignalBiasNanos,SatelliteInterSignalBiasUncertaintyNanos,CodeType,ChipsetElapsedRealtimeNanos,IsFullTracking
1732149055000,28239000000,,695190.1038150867,-1416184244761999872,0.0,77.632912797518,2090.28272034166,0.0,0,30,0.0,16431,347472930544878,316,25.218000411987305,918.1417907905244,0.14999,16,0.0,0.0,1575420030,,,,0,10.34977694850861,1,6.0,25.218000411987305,0.0,0.0,0.0,66.7128,C,27939058000000,
1732149055000,28239000000,,695190.1038150867,-1416184244761999872,0.0,77.632912797518,2090.28272034166,0.0,0,7,0.0,16431,347472923198323,58,32.97100067138672,1132.9465523142396,0.14999,16,0.0,0.0,1575420030,,,,0,20.05964606470638,1,6.0,32.97100067138672,0.0,0.0,0.0,66.7128,C,27939058000000,
1732149055000,28239000000,,695190.1038150867,-1416184244761999872,0.0,77.632912797518,2090.28272034166,0.0,0,17,0.0,16431,347472932607213,487,23.506000518798828,407.5245857334268,0.14999,16,0.0,0.0,1575420030,,,,0,7.87211009948392,1,6.0,23.506000518798828,0.0,0.0,0.0,66.7128,C,27939058000000,
1732149055000,28239000000,,695190.1038150867,-1416184244761999872,0.0,77.632912797518,2090.28272034166,0.0,0,15,0.0,16431,347472925518111,487,20.208999633789062,435.65404174691867,0.14999,16,0.0,0.0,1575420030,,,,0,4.308017732102313,1,6.0,20.208999633789062,0.0,0.0,0.0,66.7128,C,27939058000000,
1732149055000,28239000000,,695190.1038150867,-1416184244761999872,0.0,77.632912797518,2090.28272034166,0.0,0,13,0.0,16431,347472931492905,235,28.39299964904785,647.7103698260346,0.14999,16,0.0,0.0,1575420030,,,,0,14.555457189318208,1,6.0,28.39299964904785,0.0,0.0,0.0,66.7128,C,27939058000000,
1732149055000,28239000000,,695190.1038150867,-1416184244761999872,0.0,77.632912797518,2090.28272034166,0.0,0,2,0.0,16431,347472921247124,396,23.576000213623047,664.5306858734763,0.14999,16,0.0,0.0,1575420030,,,,0,7.983827261916197,1,6.0,23.576000213623047,0.0,0.0,0.0,66.7128,C,27939058000000,
1732149055000,28239000000,,695190.1038150867,-1416184244761999872,0.0,77.632912797518,2090.28272034166,0.0,0,27,0.0,16431,347472917924193,396,19.059999465942383,920.8784702558223,0.14999,16,0.0,0.0,1575420030,,,,0,4.881822807789594,6,6.0,19.059999465942383,0.0,0.0,-17.522899155052286,66.7128,C,27939058000000,
1732149055000,28239000000,,695190.1038150867,-1416184244761999872,0.0,77.632912797518,2090.28272034166,0.0,0,14,0.0,16431,347472932517778,487,20.999000549316406,760.5468521567902,0.14999,16,0.0,0.0,1575420030,,,,0,7.169837711157431,1,6.0,20.999000549316406,0.0,0.0,0.0,66.7128,C,27939058000000,
1732149055000,28239000000,,695190.1038150867,-1416184244761999872,0.0,77.632912797518,2090.28272034166,0.0,0,21,0.0,16431,347472921090082,316,21.0,546.7480082608656,0.14999,16,0.0,0.0,1575420030,,,,0,5.7132813624845955,6,6.0,21.0,0.0,0.0,-17.522899155052286,66.7128,C,27939058000000,
1732149055000,28239000000,,695190.1038150867,-1416184244761999872,0.0,77.632912797518,2090.28272034166,0.0,0,29,0.0,16431,347472917900721,1797,13.079999923706055,1086.4778223353026,0.14999,16,0.0,0.0,1575420030,,,,0,0.0,6,6.0,13.079999923706055,0.0,0.0,-17.522899155052286,66.7128,C,27939058000000,
1732149055000,28239000000,,695190.1038150867,-1416184244761999872,0.0,77.632912797518,2090.28272034166,0.0,0,8,0.0,17,333396,487,5.0,863.4919083597521,0.14999,16,0.0,0.0,1605374980,,,,0,7.169837711157431,3,6.0,20.0,0.0,0.0,53.22605531731975,66.7128,C,27939058000000,
1732149055000,28239000000,,695190.1038150867,-1416184244761999872,0.0,77.632912797518,2090.28272034166,0.0,0,9,0.0,17,359067,316,5.0,860.7300579155375,0.14999,16,0.0,0.0,1600875010,,,,0,9.498796531869965,3,6.0,24.0,0.0,0.0,53.22605531731975,66.7128,C,27939058000000,
1732149055000,28239000000,,695190.1038150867,-1416184244761999872,0.0,77.632912797518,2090.28272034166,0.0,0,22,0.0,16431,347472931542870,396,25.40999984741211,623.6485804438564,0.14999,16,0.0,0.0,1575420030,,,,0,10.599747858488074,1,6.0,25.40999984741211,0.0,0.0,0.0,66.7128,C,27939058000000,
1732149056000,29239000000,,695098.2173307375,-1416184244761999872,0.0,78.60072889472885,2091.4205538259707,0.0,0,30,0.0,16431,347473930541812,487,26.900999069213867,918.3991704163308,0.14999,16,0.0,0.0,1575420030,,,,0,12.640016151411796,1,6.0,26.900999069213867,0.0,0.0,0.0,66.7128,C,27940058000000,
1732149056000,29239000000,,695098.2173307375,-1416184244761999872,0.0,78.60072889472885,2091.4205538259707,0.0,0,7,0.0,16431,347473923194580,316,25.757999420166016,1133.2021665202299,0.14999,16,0.0,0.0,1575420030,,,,0,11.079090973625956,1,6.0,25.757999420166016,0.0,0.0,0.0,66.7128,C,27940058000000,
1732149056000,29239000000,,695098.2173307375,-1416184244761999872,0.0,78.60072889472885,2091.4205538259707,0.0,0,17,0.0,16431,347473932605867,487,20.954999923706055,407.25484816890844,0.14999,16,0.0,0.0,1575420030,,,,0,3.873632738237588,1,6.0,20.954999923706055,0.0,0.0,0.0,66.7128,C,27940058000000,
1732149056000,29239000000,,695098.2173307375,-1416184244761999872,0.0,78.60072889472885,2091.4205538259707,0.0,0,15,0.0,16431,347473925516654,487,20.240999221801758,435.14104791512193,0.14999,16,0.0,0.0,1575420030,,,,0,3.693607855941778,1,6.0,20.240999221801758,0.0,0.0,0.0,66.7128,C,27940058000000,
1732149056000,29239000000,,695098.2173307375,-1416184244761999872,0.0,78.60072889472885,2091.4205538259707,0.0,0,13,0.0,16431,347473931490746,316,26.21500015258789,646.6153914143684,0.14999,16,0.0,0.0,1575420030,,,,0,11.715842038463862,1,6.0,26.21500015258789,0.0,0.0,0.0,66.7128,C,27940058000000,
1732149056000,29239000000,,695098.2173307375,-1416184244761999872,0.0,78.60072889472885,2091.4205538259707,0.0,0,2,0.0,16431,347473921244900,316,26.089000701904297,664.9369182648212,0.14999,16,0.0,0.0,1575420030,,,,0,11.53335865356515,1,6.0,26.089000701904297,0.0,0.0,0.0,66.7128,C,27940058000000,
1732149056000,29239000000,,695098.2173307375,-1416184244761999872,0.0,78.60072889472885,2091.4205538259707,0.0,0,27,0.0,16431,347473917921119,487,19.047000885009766,920.6496160975693,0.14999,16,0.0,0.0,1575420030,,,,0,2.209458031624222,6,6.0,19.047000885009766,0.0,0.0,-20.336931939622772,66.7128,C,27940058000000,
1732149056000,29239000000,,695098.2173307375,-1416184244761999872,0.0,78.60072889472885,2091.4205538259707,0.0,0,14,0.0,16431,347473932515238,396,24.20599937438965,761.0013083841618,0.14999,16,0.0,0.0,1575420030,,,,0,8.929449050170826,1,6.0,24.20599937438965,0.0,0.0,0.0,66.7128,C,27940058000000,
1732149056000,29239000000,,695098.2173307375,-1416184244761999872,0.0,78.60072889472885,2091.4205538259707,0.0,0,21,0.0,16431,347473921088260,487,18.0,545.7969580226197,0.14999,16,0.0,0.0,1575420030,,,,0,0.9332365160691296,6,6.0,18.0,0.0,0.0,-20.336931939622772,66.7128,C,27940058000000,
1732149056000,29239000000,,695098.2173307375,-1416184244761999872,0.0,78.60072889472885,2091.4205538259707,0.0,0,29,0.0,16431,347473917897097,797,13.071000099182129,1086.8864705642904,0.14999,16,0.0,0.0,1575420030,,,,0,0.0,6,6.0,13.071000099182129,0.0,0.0,-20.336931939622772,66.7128,C,27940058000000,
1732149056000,29239000000,,695098.2173307375,-1416184244761999872,0.0,78.60072889472885,2091.4205538259707,0.0,0,8,0.0,17,330480,396,5.0,864.6733675198691,0.14999,16,0.0,0.0,1605374980,,,,0,6.985024576459178,3,6.0,22.0,0.0,0.0,54.885314824889036,66.7128,C,27940058000000,
1732149056000,29239000000,,695098.2173307375,-1416184244761999872,0.0,78.60072889472885,2091.4205538259707,0.0,0,9,0.0,17,356194,396,5.0,861.3261513098062,0.14999,16,0.0,0.0,1600875010,,,,0,7.498774732165998,3,6.0,22.0,0.0,0.0,54.885314824889036,66.7128,C,27940058000000,
1732149056000,29239000000,,695098.2173307375,-1416184244761999872,0.0,78.60072889472885,2091.4205538259707,0.0,0,19,0.0,16431,347473926602055,487,20.052000045776367,22.917983175074752,0.14999,16,0.0,0.0,1575420030,,,,0,2.316692599066384,1,6.0,20.052000045776367,0.0,0.0,0.0,66.7128,C,27940058000000,
1732149057000,30239000000,,694963.8535436405,-1416184244761999872,0.0,76.94468490685553,2087.7362327957867,0.0,0,30,0.0,16431,347474930538759,316,24.513999938964844,917.8019939343606,0.14999,16,0.0,0.0,1575420030,,,,0,9.366261796029015,1,6.0,24.513999938964844,0.0,0.0,0.0,66.7128,C,27941058000000,
1732149057000,30239000000,,694963.8535436405,-1416184244761999872,0.0,76.94468490685553,2087.7362327957867,0.0,0,7,0.0,16431,347474923190805,316,25.625,1132.2845198832395,0.14999,16,0.0,0.0,1575420030,,,,0,10.922230915829655,1,6.0,25.625,0.0,0.0,0.0,66.7128,C,27941058000000,
1732149057000,30239000000,,694963.8535436405,-1416184244761999872,0.0,76.94468490685553,2087.7362327957867,0.0,0,17,0.0,16431,347474932604517,396,24.108999252319336,405.8894353164807,0.14999,16,0.0,0.0,1575420030,,,,0,8.778822911842637,1,6.0,24.108999252319336,0.0,0.0,0.0,66.7128,C,27941058000000,
1732149057000,30239000000,,694963.8535436405,-1416184244761999872,0.0,76.94468490685553,2087.7362327957867,0.0,0,15,0.0,16431,347474925515205,487,20.270999908447266,433.8707818990934,0.14999,16,0.0,0.0,1575420030,,,,0,3.693607855941778,1,6.0,20.270999908447266,0.0,0.0,0.0,66.7128,C,27941058000000,
1732149057000,30239000000,,694963.8535436405,-1416184244761999872,0.0,76.94468490685553,2087.7362327957867,0.0,0,13,0.0,16431,347474931488596,235,28.691999435424805,647.4489947764341,0.14999,16,0.0,0.0,1575420030,,,,0,14.937596072947416,1,6.0,28.691999435424805,0.0,0.0,0.0,66.7128,C,27941058000000,
1732149057000,30239000000,,694963.8535436405,-1416184244761999872,0.0,76.94468490685553,2087.7362327957867,0.0,0,22,0.0,16431,347474931538735,487,21.003000259399414,621.4487744362874,0.14999,16,0.0,0.0,1575420030,,,,0,3.9622650342190866,1,6.0,21.003000259399414,0.0,0.0,0.0,66.7128,C,27941058000000,
1732149057000,30239000000,,694963.8535436405,-1416184244761999872,0.0,76.94468490685553,2087.7362327957867,0.0,0,2,0.0,16431,347474921242687,316,26.23900032043457,664.356327437438,0.14999,16,0.0,0.0,1575420030,,,,0,11.751883126017471,1,6.0,26.23900032043457,0.0,0.0,0.0,66.7128,C,27941058000000,
1732149057000,30239000000,,694963.8535436405,-1416184244761999872,0.0,76.94468490685553,2087.7362327957867,0.0,0,27,0.0,16431,347474917918047,396,18.948999404907227,921.0009346409533,0.14999,16,0.0,0.0,1575420030,,,,0,0.0,6,6.0,18.948999404907227,0.0,0.0,-21.083045443935745,66.7128,C,27941058000000,
1732149057000,30239000000,,694963.8535436405,-1416184244761999872,0.0,76.94468490685553,2087.7362327957867,0.0,0,14,0.0,16431,347474932512699,396,24.697999954223633,760.6159358216953,0.14999,16,0.0,0.0,1575420030,,,,0,9.599767515103085,1,6.0,24.697999954223633,0.0,0.0,0.0,66.7128,C,27941058000000,
1732149057000,30239000000,,694963.8535436405,-1416184244761999872,0.0,76.94468490685553,2087.7362327957867,0.0,0,21,0.0,16431,347474921086438,396,17.93000030517578,545.3600166181596,0.14999,16,0.0,0.0,1575420030,,,,0,0.0,6,6.0,17.93000030517578,0.0,0.0,-21.083045443935745,66.7128,C,27941058000000,
1732149057000,30239000000,,694963.8535436405,-1416184244761999872,0.0,76.94468490685553,2087.7362327957867,0.0,0,29,0.0,16431,347474917893473,487,13.062000274658203,1086.0589532547483,0.14999,16,0.0,0.0,1575420030,,,,0,0.0,6,6.0,13.062000274658203,0.0,0.0,-21.083045443935745,66.7128,C,27941058000000,
1732149057000,30239000000,,694963.8535436405,-1416184244761999872,0.0,76.94468490685553,2087.7362327957867,0.0,0,8,0.0,17,327602,797,5.0,862.4286224705706,0.14999,16,0.0,0.0,1605374980,,,,0,6.985024576459178,3,6.0,17.0,0.0,0.0,56.3156500085166,66.7128,C,27941058000000,
1732149057000,30239000000,,694963.8535436405,-1416184244761999872,0.0,76.94468490685553,2087.7362327957867,0.0,0,9,0.0,17,353317,396,5.0,860.3450066372333,0.14999,16,0.0,0.0,1600875010,,,,0,8.452614538923495,3,6.0,23.0,0.0,0.0,56.3156500085166,66.7128,C,27941058000000,
1732149057000,30239000000,,694963.8535436405,-1416184244761999872,0.0,76.94468490685553,2087.7362327957867,0.0,0,19,0.0,16431,347474926602004,487,21.152000427246094,19.98315856463884,0.14999,16,0.0,0.0,1575420030,,,,0,4.222861269251486,1,6.0,21.152000427246094,0.0,0.0,0.0,66.7128,C,27941058000000,
1732149058000,31239000000,,694831.9914872575,-1416184244761999872,0.0,77.31345249424785,2086.7898886386047,0.0,0,30,0.0,16431,347475930535695,316,27.554000854492188,917.6483094935361,0.14999,16,0.0,0.0,1575420030,,,,0,13.47524640672926,1,6.0,27.554000854492188,0.0,0.0,0.0,66.7128,C,27942058000000,
1732149058000,31239000000,,694831.9914872575,-1416184244761999872,0.0,77.31345249424785,2086.7898886386047,0.0,0,7,0.0,16431,347475923187023,235,29.3439998626709,1133.0263678732892,0.14999,16,0.0,0.0,1575420030,,,,0,15.74616921405958,1,6.0,29.3439998626709,0.0,0.0,0.0,66.7128,C,27942058000000,
1732149058000,31239000000,,694831.9914872575,-1416184244761999872,0.0,77.31345249424785,2086.7898886386047,0.0,0,17,0.0,16431,347475932603162,316,24.104999542236328,407.16165258599005,0.14999,16,0.0,0.0,1575420030,,,,0,8.67693447504887,1,6.0,24.104999542236328,0.0,0.0,0.0,66.7128,C,27942058000000,
1732149058000,31239000000,,694831.9914872575,-1416184244761999872,0.0,77.31345249424785,2086.7898886386047,0.0,0,15,0.0,16431,347475925513741,487,20.315000534057617,436.87278537936976,0.14999,16,0.0,0.0,1575420030,,,,0,4.222861269251486,1,6.0,20.315000534057617,0.0,0.0,0.0,66.7128,C,27942058000000,
1732149058000,31239000000,,694831.9914872575,-1416184244761999872,0.0,77.31345249424785,2086.7898886386047,0.0,0,13,0.0,16431,347475931486440,316,28.239999771118164,645.7130760547274,0.14999,16,0.0,0.0,1575420030,,,,0,14.371204136488705,1,6.0,28.239999771118164,0.0,0.0,0.0,66.7128,C,27942058000000,
1732149058000,31239000000,,694831.9914872575,-1416184244761999872,0.0,77.31345249424785,2086.7898886386047,0.0,0,2,0.0,16431,347475921240475,316,28.042999267578125,663.8636359335253,0.14999,16,0.0,0.0,1575420030,,,,0,14.10101471133433,1,6.0,28.042999267578125,0.0,0.0,0.0,66.7128,C,27942058000000,
1732149058000,31239000000,,694831.9914872575,-1416184244761999872,0.0,77.31345249424785,2086.7898886386047,0.0,0,27,0.0,16431,347475917914977,396,19.025999069213867,920.9134069848127,0.14999,16,0.0,0.0,1575420030,,,,0,4.9607859846894415,6,6.0,19.025999069213867,0.0,0.0,-23.204452938051347,66.7128,C,27942058000000,
1732149058000,31239000000,,694831.9914872575,-1416184244761999872,0.0,77.31345249424785,2086.7898886386047,0.0,0,14,0.0,16431,347475932510158,316,24.816999435424805,761.2964122439311,0.14999,16,0.0,0.0,1575420030,,,,0,9.78215510115724,1,6.0,24.816999435424805,0.0,0.0,0.0,66.7128,C,27942058000000,
1732149058000,31239000000,,694831.9914872575,-1416184244761999872,0.0,77.31345249424785,2086.7898886386047,0.0,0,21,0.0,16431,347475921084620,396,23.5,545.177388584036,0.14999,16,0.0,0.0,1575420030,,,,0,9.223084549100385,6,6.0,23.5,0.0,0.0,-23.204452938051347,66.7128,C,27942058000000,
1732149058000,31239000000,,694831.9914872575,-1416184244761999872,0.0,77.31345249424785,2086.7898886386047,0.0,0,29,0.0,16431,347475917889851,487,13.053000450134277,1085.7959986189967,0.14999,16,0.0,0.0,1575420030,,,,0,0.0,6,6.0,13.053000450134277,0.0,0.0,-23.204452938051347,66.7128,C,27942058000000,
1732149058000,31239000000,,694831.9914872575,-1416184244761999872,0.0,77.31345249424785,2086.7898886386047,0.0,0,8,0.0,17,324722,487,5.0,863.5420590534362,0.14999,16,0.0,0.0,1605374980,,,,0,6.985024576459178,3,6.0,20.0,0.0,0.0,56.862258822283934,66.7128,C,27942058000000,
1732149058000,31239000000,,694831.9914872575,-1416184244761999872,0.0,77.31345249424785,2086.7898886386047,0.0,0,9,0.0,17,350448,316,5.0,859.5393341572668,0.14999,16,0.0,0.0,1600875010,,,,0,10.432407326947041,3,6.0,25.0,0.0,0.0,56.862258822283934,66.7128,C,27942058000000,
1732149059000,32239000000,,694466.4782060662,-1416184244761999872,0.0,77.67193235539173,2087.819553312939,0.0,0,30,0.0,16431,347476930532642,396,23.541000366210938,916.84903890105,0.14999,16,0.0,0.0,1575420030,,,,0,7.928148291523977,1,6.0,23.541000366210938,0.0,0.0,0.0,66.7128,C,27943058000000,
1732149059000,32239000000,,694466.4782060662,-1416184244761999872,0.0,77.67193235539173,2087.819553312939,0.0,0,7,0.0,16431,347476923183240,235,28.18199920654297,1133.1170547017323,0.14999,16,0.0,0.0,1575420030,,,,0,14.291026124361236,1,6.0,28.18199920654297,0.0,0.0,0.0,66.7128,C,27943058000000,
1732149059000,32239000000,,694466.4782060662,-1416184244761999872,0.0,77.67193235539173,2087.819553312939,0.0,0,17,0.0,16431,347476932601815,316,25.104000091552734,407.17029385140523,0.14999,16,0.0,0.0,1575420030,,,,0,10.179041433809417,1,6.0,25.104000091552734,0.0,0.0,0.0,66.7128,C,27943058000000,
1732149059000,32239000000,,694466.4782060662,-1416184244761999872,0.0,77.67193235539173,2087.819553312939,0.0,0,15,0.0,16431,347476925512276,396,23.003000259399414,436.51974787458585,0.14999,16,0.0,0.0,1575420030,,,,0,7.108669221473033,1,6.0,23.003000259399414,0.0,0.0,0.0,66.7128,C,27943058000000,
1732149059000,32239000000,,694466.4782060662,-1416184244761999872,0.0,77.67193235539173,2087.819553312939,0.0,0,13,0.0,16431,347476931484288,235,27.722000122070312,648.2686606136367,0.14999,16,0.0,0.0,1575420030,,,,0,13.708048004036606,1,6.0,27.722000122070312,0.0,0.0,0.0,66.7128,C,27943058000000,
1732149059000,32239000000,,694466.4782060662,-1416184244761999872,0.0,77.67193235539173,2087.819553312939,0.0,0,22,0.0,16431,347476931534525,316,24.816999435424805,623.4868122386114,0.14999,16,0.0,0.0,1575420030,,,,0,9.78215510115724,1,6.0,24.816999435424805,0.0,0.0,0.0,66.7128,C,27943058000000,
1732149059000,32239000000,,694466.4782060662,-1416184244761999872,0.0,77.67193235539173,2087.819553312939,0.0,0,2,0.0,16431,347476921238256,235,27.554000854492188,664.3850387386562,0.14999,16,0.0,0.0,1575420030,,,,0,13.47524640672926,1,6.0,27.554000854492188,0.0,0.0,0.0,66.7128,C,27943058000000,
1732149059000,32239000000,,694466.4782060662,-1416184244761999872,0.0,77.67193235539173,2087.819553312939,0.0,0,27,0.0,16431,347476917911905,487,18.600000381469727,922.1854384206572,0.14999,16,0.0,0.0,1575420030,,,,0,1.8795744743930562,6,6.0,18.600000381469727,0.0,0.0,-15.861762926482173,66.7128,C,27943058000000,
1732149059000,32239000000,,694466.4782060662,-1416184244761999872,0.0,77.67193235539173,2087.819553312939,0.0,0,14,0.0,16431,347476932507627,235,28.468000411987305,761.1240979782062,0.14999,16,0.0,0.0,1575420030,,,,0,14.659015967607726,1,6.0,28.468000411987305,0.0,0.0,0.0,66.7128,C,27943058000000,
1732149059000,32239000000,,694466.4782060662,-1416184244761999872,0.0,77.67193235539173,2087.819553312939,0.0,0,21,0.0,16431,347476921082797,396,19.799999237060547,545.9572860169623,0.14999,16,0.0,0.0,1575420030,,,,0,3.873632738237588,6,6.0,19.799999237060547,0.0,0.0,-15.861762926482173,66.7128,C,27943058000000,
1732149059000,32239000000,,694466.4782060662,-1416184244761999872,0.0,77.67193235539173,2087.819553312939,0.0,0,29,0.0,16431,347476917886122,396,18.799999237060547,1086.3850913365463,0.14999,16,0.0,0.0,1575420030,,,,0,2.209458031624222,6,6.0,18.799999237060547,0.0,0.0,-15.861762926482173,66.7128,C,27943058000000,
1732149059000,32239000000,,694466.4782060662,-1416184244761999872,0.0,77.67193235539173,2087.819553312939,0.0,0,8,0.0,17,321829,487,5.0,865.0764879140096,0.14999,16,0.0,0.0,1605374980,,,,0,3.1783906130533492,3,6.0,19.0,0.0,0.0,58.72230538350345,66.7128,C,27943058000000,
1732149059000,32239000000,,694466.4782060662,-1416184244761999872,0.0,77.67193235539173,2087.819553312939,0.0,0,9,0.0,17,347580,316,5.0,861.2955191135981,0.14999,16,0.0,0.0,1600875010,,,,0,8.658613671719735,3,6.0,24.0,0.0,0.0,58.72230538350345,66.7128,C,27943058000000,
1732149059000,32239000000,,694466.4782060662,-1416184244761999872,0.0,77.67193235539173,2087.819553312939,0.0,0,19,0.0,16431,347476926601937,487,20.545000076293945,21.600329574511466,0.14999,16,0.0,0.0,1575420030,,,,0,3.226512008370918,1,6.0,20.545000076293945,0.0,0.0,0.0,66.7128,C,27943058000000,
1732149060000,33239000000,,693832.6543057997,-1416184244761999872,0.0,75.24016072478723,2089.443508230657,0.0,0,30,0.0,16431,347477930529582,235,27.079999923706055,918.1842537829408,0.14999,16,0.0,0.0,1575420030,,,,0,12.864387399989065,1,6.0,27.079999923706055,0.0,0.0,0.0,66.7128,C,27944058000000,
1732149060000,33239000000,,693832.6543057997,-1416184244761999872,0.0,75.24016072478723,2089.443508230657,0.0,0,7,0.0,16431,347477923179458,316,26.190000534057617,1133.8583451907875,0.14999,16,0.0,0.0,1575420030,,,,0,11.679650779278493,1,6.0,26.190000534057617,0.0,0.0,0.0,66.7128,C,27944058000000,
1732149060000,33239000000,,693832.6543057997,-1416184244761999872,0.0,75.24016072478723,2089.443508230657,0.0,0,17,0.0,16431,347477932600460,235,27.256999969482422,408.09007757554144,0.14999,16,0.0,0.0,1575420030,,,,0,13.083108408014152,1,6.0,27.256999969482422,0.0,0.0,0.0,66.7128,C,27944058000000,
1732149060000,33239000000,,693832.6543057997,-1416184244761999872,0.0,75.24016072478723,2089.443508230657,0.0,0,15,0.0,16431,347477925510797,396,22.98200035095215,436.72435073957706,0.14999,16,0.0,0.0,1575420030,,,,0,6.472055480782384,1,6.0,22.98200035095215,0.0,0.0,0.0,66.7128,C,27944058000000,
1732149060000,33239000000,,693832.6543057997,-1416184244761999872,0.0,75.24016072478723,2089.443508230657,0.0,0,13,0.0,16431,347477931482122,316,27.16900062561035,649.3833373937762,0.14999,16,0.0,0.0,1575420030,,,,0,12.990044414461806,1,6.0,27.16900062561035,0.0,0.0,0.0,66.7128,C,27944058000000,
1732149060000,33239000000,,693832.6543057997,-1416184244761999872,0.0,75.24016072478723,2089.443508230657,0.0,0,22,0.0,16431,347477931532440,396,25.273000717163086,623.6579185855147,0.14999,16,0.0,0.0,1575420030,,,,0,10.433902445229082,1,6.0,25.273000717163086,0.0,0.0,0.0,66.7128,C,27944058000000,
1732149060000,33239000000,,693832.6543057997,-1416184244761999872,0.0,75.24016072478723,2089.443508230657,0.0,0,2,0.0,16431,347477921236039,316,25.132999420166016,665.2993403696796,0.14999,16,0.0,0.0,1575420030,,,,0,10.2220409752806,1,6.0,25.132999420166016,0.0,0.0,0.0,66.7128,C,27944058000000,
1732149060000,33239000000,,693832.6543057997,-1416184244761999872,0.0,75.24016072478723,2089.443508230657,0.0,0,27,0.0,16431,347477917908830,487,18.299999237060547,921.6172519904023,0.14999,16,0.0,0.0,1575420030,,,,0,1.4192872059507495,6,6.0,18.299999237060547,0.0,0.0,-10.355437752883448,66.7128,C,27944058000000,
1732149060000,33239000000,,693832.6543057997,-1416184244761999872,0.0,75.24016072478723,2089.443508230657,0.0,0,21,0.0,16431,347477921080975,487,17.700000762939453,545.7712200600391,0.14999,16,0.0,0.0,1575420030,,,,0,0.2847347169722063,6,6.0,17.700000762939453,0.0,0.0,-10.355437752883448,66.7128,C,27944058000000,
1732149060000,33239000000,,693832.6543057997,-1416184244761999872,0.0,75.24016072478723,2089.443508230657,0.0,0,29,0.0,16431,347477917882494,396,18.799999237060547,1086.7535994939283,0.14999,16,0.0,0.0,1575420030,,,,0,2.209458031624222,6,6.0,18.799999237060547,0.0,0.0,-10.355437752883448,66.7128,C,27944058000000,
1732149060000,33239000000,,693832.6543057997,-1416184244761999872,0.0,75.24016072478723,2089.443508230657,0.0,0,19,0.0,16431,347477926601826,316,25.516000747680664,22.71765448437491,0.14999,16,0.0,0.0,1575420030,,,,0,10.762485914201859,1,6.0,25.516000747680664,0.0,0.0,0.0,66.7128,C,27944058000000,
1732149060000,33239000000,,693832.6543057997,-1416184244761999872,0.0,75.24016072478723,2089.443508230657,0.0,0,8,0.0,17,318955,396,5.0,865.5379654789823,0.14999,16,0.0,0.0,1605374980,,,,0,9.96079151849576,3,6.0,23.0,0.0,0.0,59.842031695174796,66.7128,C,27944058000000,
1732149060000,33239000000,,693832.6543057997,-1416184244761999872,0.0,75.24016072478723,2089.443508230657,0.0,0,9,0.0,17,344703,316,5.0,861.1999649493075,0.14999,16,0.0,0.0,1600875010,,,,0,11.123392706327845,3,6.0,25.0,0.0,0.0,59.842031695174796,66.7128,C,27944058000000,
1732149061000,34239000000,,692927.809578185,-1416184244761999872,0.0,71.38884192765006,2091.1757768979664,0.0,0,30,0.0,16431,347478930526524,74,30.1200008392334,918.5719028078015,0.14999,16,0.0,0.0,1575420030,,,,0,16.69192113433769,1,6.0,30.1200008392334,0.0,0.0,0.0,66.7128,C,27945058000000,
1732149061000,34239000000,,692927.809578185,-1416184244761999872,0.0,71.38884192765006,2091.1757768979664,0.0,0,7,0.0,16431,347478923175675,74,31.798999786376953,1135.210006352017,0.14999,16,0.0,0.0,1575420030,,,,0,18.70110979601971,1,6.0,31.798999786376953,0.0,0.0,0.0,66.7128,C,27945058000000,
1732149061000,34239000000,,692927.809578185,-1416184244761999872,0.0,71.38884192765006,2091.1757768979664,0.0,0,17,0.0,16431,347478932599102,316,24.959999084472656,408.52241959679674,0.14999,16,0.0,0.0,1575420030,,,,0,10.004882423516433,1,6.0,24.959999084472656,0.0,0.0,0.0,66.7128,C,27945058000000,
1732149061000,34239000000,,692927.809578185,-1416184244761999872,0.0,71.38884192765006,2091.1757768979664,0.0,0,15,0.0,16431,347478925509351,396,23.086000442504883,435.96563834444277,0.14999,16,0.0,0.0,1575420030,,,,0,10.135827963390874,1,6.0,23.086000442504883,0.0,0.0,0.0,66.7128,C,27945058000000,
1732149061000,34239000000,,692927.809578185,-1416184244761999872,0.0,71.38884192765006,2091.1757768979664,0.0,0,13,0.0,16431,347478931479960,316,25.861000061035156,648.5747751180479,0.14999,16,0.0,0.0,1575420030,,,,0,11.233168444129475,1,6.0,25.861000061035156,0.0,0.0,0.0,66.7128,C,27945058000000,
1732149061000,34239000000,,692927.809578185,-1416184244761999872,0.0,71.38884192765006,2091.1757768979664,0.0,0,22,0.0,16431,347478931530367,235,28.336000442504883,624.0356255093064,0.14999,16,0.0,0.0,1575420030,,,,0,14.476969700700032,1,6.0,28.336000442504883,0.0,0.0,0.0,66.7128,C,27945058000000,
1732149061000,34239000000,,692927.809578185,-1416184244761999872,0.0,71.38884192765006,2091.1757768979664,0.0,0,2,0.0,16431,347478921233821,316,26.089000701904297,665.8204644243132,0.14999,16,0.0,0.0,1575420030,,,,0,11.53335865356515,1,6.0,26.089000701904297,0.0,0.0,0.0,66.7128,C,27945058000000,
1732149061000,34239000000,,692927.809578185,-1416184244761999872,0.0,71.38884192765006,2091.1757768979664,0.0,0,27,0.0,16431,347478917905755,396,19.700000762939453,922.6620088541449,0.14999,16,0.0,0.0,1575420030,,,,0,3.7840866911427025,6,6.0,19.700000762939453,0.0,0.0,-4.484037942097233,66.7128,C,27945058000000,
1732149061000,34239000000,,692927.809578185,-1416184244761999872,0.0,71.38884192765006,2091.1757768979664,0.0,0,21,0.0,16431,347478921079151,487,19.700000762939453,546.6146726063414,0.14999,16,0.0,0.0,1575420030,,,,0,3.693607855941778,6,6.0,19.700000762939453,0.0,0.0,-4.484037942097233,66.7128,C,27945058000000,
1732149061000,34239000000,,692927.809578185,-1416184244761999872,0.0,71.38884192765006,2091.1757768979664,0.0,0,29,0.0,16431,347478917878879,396,18.895000457763672,1086.344858348108,0.14999,16,0.0,0.0,1575420030,,,,0,5.269650157784986,6,6.0,18.895000457763672,0.0,0.0,-4.484037942097233,66.7128,C,27945058000000,
1732149061000,34239000000,,692927.809578185,-1416184244761999872,0.0,71.38884192765006,2091.1757768979664,0.0,0,19,0.0,16431,347478926601750,235,27.701000213623047,22.853359518125895,0.14999,16,0.0,0.0,1575420030,,,,0,13.679286753790254,1,6.0,27.701000213623047,0.0,0.0,0.0,66.7128,C,27945058000000,
1732149061000,34239000000,,692927.809578185,-1416184244761999872,0.0,71.38884192765006,2091.1757768979664,0.0,0,8,0.0,17,316078,487,5.0,865.0586160304422,0.14999,16,0.0,0.0,1605374980,,,,0,9.759564998337844,3,6.0,20.0,0.0,0.0,60.96520469422609,66.7128,C,27945058000000,
1732149061000,34239000000,,692927.809578185,-1416184244761999872,0.0,71.38884192765006,2091.1757768979664,0.0,0,9,0.0,17,341831,487,5.0,860.1496006572437,0.14999,16,0.0,0.0,1600875010,,,,0,4.356306332571975,3,6.0,20.0,0.0,0.0,60.96520469422609,66.7128,C,27945058000000,
1732149061000,34239000000,,692927.809578185,-1416184244761999872,0.0,71.38884192765006,2091.1757768979664,0.0,0,14,0.0,16431,347478932502557,235,29.066999435424805,761.0666289173538,0.14999,16,0.0,0.0,1575420030,,,,0,15.398687292671125,1,6.0,29.066999435424805,0.0,0.0,0.0,66.7128,C,27945058000000,
1732149062000,35239000000,,692490.110942017,-1416184244761999872,0.0,70.46268571384982,2091.6435455855953,0.0,0,30,0.0,16431,347479930523460,235,29.676000595092773,919.2034585177676,0.14999,16,0.0,0.0,1575420030,,,,0,16.14559083267198,1,6.0,29.676000595092773,0.0,0.0,0.0,66.7128,C,27946058000000,
1732149062000,35239000000,,692490.110942017,-1416184244761999872,0.0,70.46268571384982,2091.6435455855953,0.0,0,7,0.0,16431,347479923171905,235,27.905000686645508,1133.9502399380522,0.14999,16,0.0,0.0,1575420030,,,,0,13.934772514518832,1,6.0,27.905000686645508,0.0,0.0,0.0,66.7128,C,27946058000000,
1732149062000,35239000000,,692490.110942017,-1416184244761999872,0.0,70.46268571384982,2091.6435455855953,0.0,0,17,0.0,16431,347479932597741,316,27.448999404907227,408.5358460790816,0.14999,16,0.0,0.0,1575420030,,,,0,13.356463158793842,1,6.0,27.448999404907227,0.0,0.0,0.0,66.7128,C,27946058000000,
1732149062000,35239000000,,692490.110942017,-1416184244761999872,0.0,70.46268571384982,2091.6435455855953,0.0,0,15,0.0,16431,347479925507897,316,23.195999145507812,436.837988025628,0.14999,16,0.0,0.0,1575420030,,,,0,10.475661610462378,1,6.0,23.195999145507812,0.0,0.0,0.0,66.7128,C,27946058000000,
1732149062000,35239000000,,692490.110942017,-1416184244761999872,0.0,70.46268571384982,2091.6435455855953,0.0,0,13,0.0,16431,347479931477795,396,25.437000274658203,648.6172845688806,0.14999,16,0.0,0.0,1575420030,,,,0,10.640719111993459,1,6.0,25.437000274658203,0.0,0.0,0.0,66.7128,C,27946058000000,
1732149062000,35239000000,,692490.110942017,-1416184244761999872,0.0,70.46268571384982,2091.6435455855953,0.0,0,22,0.0,16431,347479931528286,316,25.757999420166016,624.7471361535709,0.14999,16,0.0,0.0,1575420030,,,,0,11.079090973625956,1,6.0,25.757999420166016,0.0,0.0,0.0,66.7128,C,27946058000000,
1732149062000,35239000000,,692490.110942017,-1416184244761999872,0.0,70.46268571384982,2091.6435455855953,0.0,0,14,0.0,16431,347479932499970,316,25.836000442504883,761.8868987139671,0.14999,16,0.0,0.0,1575420030,,,,0,11.194904551243864,1,6.0,25.836000442504883,0.0,0.0,0.0,66.7128,C,27946058000000,
1732149062000,35239000000,,692490.110942017,-1416184244761999872,0.0,70.46268571384982,2091.6435455855953,0.0,0,27,0.0,16431,347479917902679,396,18.399999618530273,922.2111763832379,0.14999,16,0.0,0.0,1575420030,,,,0,1.5366658792327086,6,6.0,18.399999618530273,0.0,0.0,-6.252464791499493,66.7128,C,27946058000000,
1732149062000,35239000000,,692490.110942017,-1416184244761999872,0.0,70.46268571384982,2091.6435455855953,0.0,0,21,0.0,16431,347479921077326,316,21.299999237060547,547.3493660002948,0.14999,16,0.0,0.0,1575420030,,,,0,6.135350934503585,6,6.0,21.299999237060547,0.0,0.0,-6.252464791499493,66.7128,C,27946058000000,
1732149062000,35239000000,,692490.110942017,-1416184244761999872,0.0,70.46268571384982,2091.6435455855953,0.0,0,29,0.0,16431,347479917875267,487,18.954999923706055,1089.5812445381664,0.14999,16,0.0,0.0,1575420030,,,,0,4.392347420125583,6,6.0,18.954999923706055,0.0,0.0,-6.252464791499493,66.7128,C,27946058000000,
1732149062000,35239000000,,692490.110942017,-1416184244761999872,0.0,70.46268571384982,2091.6435455855953,0.0,0,19,0.0,16431,347479926601674,316,26.165000915527344,23.7126079259398,0.14999,16,0.0,0.0,1575420030,,,,0,11.643308091789507,1,6.0,26.165000915527344,0.0,0.0,0.0,66.7128,C,27946058000000,
1732149062000,35239000000,,692490.110942017,-1416184244761999872,0.0,70.46268571384982,2091.6435455855953,0.0,0,8,0.0,17,313165,487,5.0,866.132479156837,0.14999,16,0.0,0.0,1605374980,,,,0,4.392347420125583,3,6.0,20.0,0.0,0.0,62.09635175912945,66.7128,C,27946058000000,
1732149062000,35239000000,,692490.110942017,-1416184244761999872,0.0,70.46268571384982,2091.6435455855953,0.0,0,9,0.0,17,338959,316,5.0,861.1109944212168,0.14999,16,0.0,0.0,1600875010,,,,0,9.962351484311387,3,6.0,24.0,0.0,0.0,62.09635175912945,66.7128,C,27946058000000,
1732149063000,36239000000,,692134.5524642918,-1416184244761999872,0.0,69.88662394177757,2090.9975032145844,0.0,0,30,0.0,16431,347480930520393,316,25.937000274658203,919.3639258873588,0.14999,16,0.0,0.0,1575420030,,,,0,11.34695901878019,1,6.0,25.937000274658203,0.0,0.0,0.0,66.7128,C,27947058000000,
1732149063000,36239000000,,692134.5524642918,-1416184244761999872,0.0,69.88662394177757,2090.9975032145844,0.0,0,7,0.0,16431,347480923168121,74,32.91600036621094,1133.734022469008,0.14999,16,0.0,0.0,1575420030,,,,0,19.990269580558078,1,6.0,32.91600036621094,0.0,0.0,0.0,66.7128,C,27947058000000,
1732149063000,36239000000,,692134.5524642918,-1416184244761999872,0.0,69.88662394177757,2090.9975032145844,0.0,0,17,0.0,16431,347480932596388,235,27.16900062561035,408.0104013917404,0.14999,16,0.0,0.0,1575420030,,,,0,12.990044414461806,1,6.0,27.16900062561035,0.0,0.0,0.0,66.7128,C,27947058000000,
1732149063000,36239000000,,692134.5524642918,-1416184244761999872,0.0,69.88662394177757,2090.9975032145844,0.0,0,15,0.0,16431,347480925506448,316,24.173999786376953,437.1504208746439,0.14999,16,0.0,0.0,1575420030,,,,0,8.879530006804702,1,6.0,24.173999786376953,0.0,0.0,0.0,66.7128,C,27947058000000,
1732149063000,36239000000,,692134.5524642918,-1416184244761999872,0.0,69.88662394177757,2090.9975032145844,0.0,0,13,0.0,16431,347480931475633,316,24.84600067138672,648.5502450742888,0.14999,16,0.0,0.0,1575420030,,,,0,9.827159811365455,1,6.0,24.84600067138672,0.0,0.0,0.0,66.7128,C,27947058000000,
1732149063000,36239000000,,692134.5524642918,-1416184244761999872,0.0,69.88662394177757,2090.9975032145844,0.0,0,22,0.0,16431,347480931526209,235,27.944000244140625,624.1168348208424,0.14999,16,0.0,0.0,1575420030,,,,0,13.990540857868732,1,6.0,27.944000244140625,0.0,0.0,0.0,66.7128,C,27947058000000,
1732149063000,36239000000,,692134.5524642918,-1416184244761999872,0.0,69.88662394177757,2090.9975032145844,0.0,0,14,0.0,16431,347480932497464,316,26.989999771118164,761.7570938990748,0.14999,16,0.0,0.0,1575420030,,,,0,12.736885813118617,1,6.0,26.989999771118164,0.0,0.0,0.0,66.7128,C,27947058000000,
1732149063000,36239000000,,692134.5524642918,-1416184244761999872,0.0,69.88662394177757,2090.9975032145844,0.0,0,27,0.0,16431,347480917899603,396,18.100000381469727,921.582965679239,0.14999,16,0.0,0.0,1575420030,,,,0,1.0573227640948248,6,6.0,18.100000381469727,0.0,0.0,-6.770765360629541,66.7128,C,27947058000000,
1732149063000,36239000000,,692134.5524642918,-1416184244761999872,0.0,69.88662394177757,2090.9975032145844,0.0,0,21,0.0,16431,347480921075501,316,23.799999237060547,546.7959998048111,0.14999,16,0.0,0.0,1575420030,,,,0,9.599767515103085,6,6.0,23.799999237060547,0.0,0.0,-6.770765360629541,66.7128,C,27947058000000,
1732149063000,36239000000,,692134.5524642918,-1416184244761999872,0.0,69.88662394177757,2090.9975032145844,0.0,0,29,0.0,16431,347480917871645,396,18.847000122070312,1087.2358378541937,0.14999,16,0.0,0.0,1575420030,,,,0,0.0,6,6.0,18.847000122070312,0.0,0.0,-6.770765360629541,66.7128,C,27947058000000,
1732149063000,36239000000,,692134.5524642918,-1416184244761999872,0.0,69.88662394177757,2090.9975032145844,0.0,0,2,0.0,16431,347480921229340,396,23.945999145507812,665.6117732186955,0.14999,16,0.0,0.0,1575420030,,,,0,8.521825181113625,1,6.0,23.945999145507812,0.0,0.0,0.0,66.7128,C,27947058000000,
1732149063000,36239000000,,692134.5524642918,-1416184244761999872,0.0,69.88662394177757,2090.9975032145844,0.0,0,8,0.0,17,310252,487,5.0,865.6970799525799,0.14999,16,0.0,0.0,1605374980,,,,0,2.579126145504485,3,6.0,20.0,0.0,0.0,64.8687291978606,66.7128,C,27947058000000,
1732149063000,36239000000,,692134.5524642918,-1416184244761999872,0.0,69.88662394177757,2090.9975032145844,0.0,0,9,0.0,17,336088,396,5.0,860.0875133103027,0.14999,16,0.0,0.0,1600875010,,,,0,7.511538716296975,3,6.0,23.0,0.0,0.0,64.8687291978606,66.7128,C,27947058000000,
1732149064000,37239000000,,691442.8239218746,-1416184244761999872,0.0,69.9408683165422,2091.209918731682,0.0,0,30,0.0,16431,347481930517329,316,25.382999420166016,918.8896783746817,0.14999,16,0.0,0.0,1575420030,,,,0,10.558582427700593,1,6.0,25.382999420166016,0.0,0.0,0.0,66.7128,C,27948058000000,
1732149064000,37239000000,,691442.8239218746,-1416184244761999872,0.0,69.9408683165422,2091.209918731682,0.0,0,7,0.0,16431,347481923164335,74,30.150999069213867,1133.7293766273872,0.14999,16,0.0,0.0,1575420030,,,,0,16.73255694945119,1,6.0,30.150999069213867,0.0,0.0,0.0,66.7128,C,27948058000000,
1732149064000,37239000000,,691442.8239218746,-1416184244761999872,0.0,69.9408683165422,2091.209918731682,0.0,0,17,0.0,16431,347481932595027,74,30.615999221801758,409.3271722823957,0.14999,16,0.0,0.0,1575420030,,,,0,17.301362392316193,1,6.0,30.615999221801758,0.0,0.0,0.0,66.7128,C,27948058000000,
1732149064000,37239000000,,691442.8239218746,-1416184244761999872,0.0,69.9408683165422,2091.209918731682,0.0,0,15,0.0,16431,347481925504996,396,24.423999786376953,437.6437627963836,0.14999,16,0.0,0.0,1575420030,,,,0,9.223084549100385,1,6.0,24.423999786376953,0.0,0.0,0.0,66.7128,C,27948058000000,
1732149064000,37239000000,,691442.8239218746,-1416184244761999872,0.0,69.9408683165422,2091.209918731682,0.0,0,13,0.0,16431,347481931473479,235,28.891000747680664,649.6966994111162,0.14999,16,0.0,0.0,1575420030,,,,0,15.183323624343231,1,6.0,28.891000747680664,0.0,0.0,0.0,66.7128,C,27948058000000,
1732149064000,37239000000,,691442.8239218746,-1416184244761999872,0.0,69.9408683165422,2091.209918731682,0.0,0,22,0.0,16431,347481931524131,58,34.95100021362305,625.1700471163354,0.14999,16,0.0,0.0,1575420030,,,,0,22.300691569724403,1,6.0,34.95100021362305,0.0,0.0,0.0,66.7128,C,27948058000000,
1732149064000,37239000000,,691442.8239218746,-1416184244761999872,0.0,69.9408683165422,2091.209918731682,0.0,0,14,0.0,16431,347481932494927,396,23.541000366210938,761.8101494103872,0.14999,16,0.0,0.0,1575420030,,,,0,7.928148291523977,1,6.0,23.541000366210938,0.0,0.0,0.0,66.7128,C,27948058000000,
1732149064000,37239000000,,691442.8239218746,-1416184244761999872,0.0,69.9408683165422,2091.209918731682,0.0,0,27,0.0,16431,347481917896529,396,18.190000534057617,921.2731809599471,0.14999,16,0.0,0.0,1575420030,,,,0,4.05000203918136,6,6.0,18.190000534057617,0.0,0.0,-11.3132126678171,66.7128,C,27948058000000,
1732149064000,37239000000,,691442.8239218746,-1416184244761999872,0.0,69.9408683165422,2091.209918731682,0.0,0,21,0.0,16431,347481921073678,74,28.799999237060547,547.3143363544721,0.14999,16,0.0,0.0,1575420030,,,,0,15.562576864976556,6,6.0,28.799999237060547,0.0,0.0,-11.3132126678171,66.7128,C,27948058000000,
1732149064000,37239000000,,691442.8239218746,-1416184244761999872,0.0,69.9408683165422,2091.209918731682,0.0,0,29,0.0,16431,347481917868030,316,23.600000381469727,1087.4729616105324,0.14999,16,0.0,0.0,1575420030,,,,0,9.271073011709477,6,6.0,23.600000381469727,0.0,0.0,-11.3132126678171,66.7128,C,27948058000000,
1732149064000,37239000000,,691442.8239218746,-1416184244761999872,0.0,69.9408683165422,2091.209918731682,0.0,0,19,0.0,16431,347481926601558,316,25.861000061035156,23.722596485425065,0.14999,16,0.0,0.0,1575420030,,,,0,11.233168444129475,1,6.0,25.861000061035156,0.0,0.0,0.0,66.7128,C,27948058000000,
1732149064000,37239000000,,691442.8239218746,-1416184244761999872,0.0,69.9408683165422,2091.209918731682,0.0,0,2,0.0,16431,347481921227127,396,25.73200035095215,666.1413991634956,0.14999,16,0.0,0.0,1575420030,,,,0,11.04014073060586,1,6.0,25.73200035095215,0.0,0.0,0.0,66.7128,C,27948058000000,
1732149064000,37239000000,,691442.8239218746,-1416184244761999872,0.0,69.9408683165422,2091.209918731682,0.0,0,8,0.0,17,307422,396,5.0,866.6544111034689,0.14999,16,0.0,0.0,1605374980,,,,0,6.700215794166974,3,6.0,22.0,0.0,0.0,62.596942439148734,66.7128,C,27948058000000,
1732149064000,37239000000,,691442.8239218746,-1416184244761999872,0.0,69.9408683165422,2091.209918731682,0.0,0,9,0.0,17,333214,235,5.0,862.2227145450883,0.14999,16,0.0,0.0,1600875010,,,,0,12.315106506012727,3,6.0,27.0,0.0,0.0,62.596942439148734,66.7128,C,27948058000000,
1732149065000,38239000000,,690708.4095991501,-1416184244761999872,0.0,70.45575088292168,2089.5132567388596,0.0,0,30,0.0,16431,347482930514263,74,32.551998138427734,918.4847468189906,0.14999,16,0.0,0.0,1575420030,,,,0,19.57657760336106,1,6.0,32.551998138427734,0.0,0.0,0.0,66.7128,C,27949058000000,
1732149065000,38239000000,,690708.4095991501,-1416184244761999872,0.0,70.45575088292168,2089.5132567388596,0.0,0,7,0.0,16431,347482923160558,235,27.944000244140625,1133.7230582827826,0.14999,16,0.0,0.0,1575420030,,,,0,13.990540857868732,1,6.0,27.944000244140625,0.0,0.0,0.0,66.7128,C,27949058000000,
1732149065000,38239000000,,690708.4095991501,-1416184244761999872,0.0,70.45575088292168,2089.5132567388596,0.0,0,17,0.0,16431,347482932593672,235,28.746999740600586,408.1607872850139,0.14999,16,0.0,0.0,1575420030,,,,0,15.012047011383707,1,6.0,28.746999740600586,0.0,0.0,0.0,66.7128,C,27949058000000,
1732149065000,38239000000,,690708.4095991501,-1416184244761999872,0.0,70.45575088292168,2089.5132567388596,0.0,0,15,0.0,16431,347482925503537,487,23.225000381469727,437.3158592947696,0.14999,16,0.0,0.0,1575420030,,,,0,7.469380830550487,1,6.0,23.225000381469727,0.0,0.0,0.0,66.7128,C,27949058000000,
1732149065000,38239000000,,690708.4095991501,-1416184244761999872,0.0,70.45575088292168,2089.5132567388596,0.0,0,22,0.0,16431,347482931522059,74,32.38800048828125,624.0934662374885,0.14999,16,0.0,0.0,1575420030,,,,0,19.384534805556193,1,6.0,32.38800048828125,0.0,0.0,0.0,66.7128,C,27949058000000,
1732149065000,38239000000,,690708.4095991501,-1416184244761999872,0.0,70.45575088292168,2089.5132567388596,0.0,0,14,0.0,16431,347482932492400,316,26.409000396728516,761.1021231473386,0.14999,16,0.0,0.0,1575420030,,,,0,11.965044489658602,1,6.0,26.409000396728516,0.0,0.0,0.0,66.7128,C,27949058000000,
1732149065000,38239000000,,690708.4095991501,-1416184244761999872,0.0,70.45575088292168,2089.5132567388596,0.0,0,27,0.0,16431,347482917893456,396,22.600000381469727,921.9322400523098,0.14999,16,0.0,0.0,1575420030,,,,0,7.928148291523977,6,6.0,22.600000381469727,0.0,0.0,-11.452667837451417,66.7128,C,27949058000000,
1732149065000,38239000000,,690708.4095991501,-1416184244761999872,0.0,70.45575088292168,2089.5132567388596,0.0,0,21,0.0,16431,347482921071856,74,28.5,546.749402013352,0.14999,16,0.0,0.0,1575420030,,,,0,15.32749107734672,6,6.0,28.5,0.0,0.0,-11.452667837451417,66.7128,C,27949058000000,
1732149065000,38239000000,,690708.4095991501,-1416184244761999872,0.0,70.45575088292168,2089.5132567388596,0.0,0,29,0.0,16431,347482917864403,235,25.5,1087.0999005283616,0.14999,16,0.0,0.0,1575420030,,,,0,11.751883126017471,6,6.0,25.5,0.0,0.0,-11.452667837451417,66.7128,C,27949058000000,
1732149065000,38239000000,,690708.4095991501,-1416184244761999872,0.0,70.45575088292168,2089.5132567388596,0.0,0,19,0.0,16431,347482926601480,235,29.725000381469727,22.540043959202023,0.14999,16,0.0,0.0,1575420030,,,,0,16.210411205428635,1,6.0,29.725000381469727,0.0,0.0,0.0,66.7128,C,27949058000000,
1732149065000,38239000000,,690708.4095991501,-1416184244761999872,0.0,70.45575088292168,2089.5132567388596,0.0,0,2,0.0,16431,347482921224931,316,26.83300018310547,665.4664048343727,0.14999,16,0.0,0.0,1575420030,,,,0,12.542053951690942,1,6.0,26.83300018310547,0.0,0.0,0.0,66.7128,C,27949058000000,
1732149065000,38239000000,,690708.4095991501,-1416184244761999872,0.0,70.45575088292168,2089.5132567388596,0.0,0,8,0.0,17,304531,487,5.0,866.6702769592889,0.14999,16,0.0,0.0,1605374980,,,,0,9.126304833231092,3,6.0,19.0,0.0,0.0,63.797523518145965,66.7128,C,27949058000000,
1732149065000,38239000000,,690708.4095991501,-1416184244761999872,0.0,70.45575088292168,2089.5132567388596,0.0,0,9,0.0,17,330339,396,5.0,860.7204567794125,0.14999,16,0.0,0.0,1600875010,,,,0,10.864093163040494,3,6.0,21.0,0.0,0.0,63.797523518145965,66.7128,C,27949058000000,
1732149065000,38239000000,,690708.4095991501,-1416184244761999872,0.0,70.45575088292168,2089.5132567388596,0.0,0,13,0.0,16431,347482931471349,316,29.172000885009766,648.2937946168066,0.14999,16,0.0,0.0,1575420030,,,,0,15.539352547295202,1,6.0,29.172000885009766,0.0,0.0,0.0,66.7128,C,27949058000000,
1732149066000,39239000000,,690206.8125909959,-1416184244761999872,0.0,69.67669579379101,2087.5140124937493,0.0,0,30,0.0,16431,347483930511207,235,29.527000427246094,918.3516899149636,0.14999,16,0.0,0.0,1575420030,,,,0,15.970333645892278,1,6.0,29.527000427246094,0.0,0.0,0.0,66.7128,C,27950058000000,
1732149066000,39239000000,,690206.8125909959,-1416184244761999872,0.0,69.67669579379101,2087.5140124937493,0.0,0,7,0.0,16431,347483923156778,74,30.68899917602539,1133.1179838700564,0.14999,16,0.0,0.0,1575420030,,,,0,17.376974531505468,1,6.0,30.68899917602539,0.0,0.0,0.0,66.7128,C,27950058000000,
1732149066000,39239000000,,690206.8125909959,-1416184244761999872,0.0,69.67669579379101,2087.5140124937493,0.0,0,17,0.0,16431,347483932592311,396,26.190000534057617,408.24571326984676,0.14999,16,0.0,0.0,1575420030,,,,0,11.679650779278493,1,6.0,26.190000534057617,0.0,0.0,0.0,66.7128,C,27950058000000,
1732149066000,39239000000,,690206.8125909959,-1416184244761999872,0.0,69.67669579379101,2087.5140124937493,0.0,0,15,0.0,16431,347483925502075,396,24.45400047302246,437.0551346629961,0.14999,16,0.0,0.0,1575420030,,,,0,9.271073011709477,1,6.0,24.45400047302246,0.0,0.0,0.0,66.7128,C,27950058000000,
1732149066000,39239000000,,690206.8125909959,-1416184244761999872,0.0,69.67669579379101,2087.5140124937493,0.0,0,22,0.0,16431,347483931519981,74,32.34000015258789,623.5587763253214,0.14999,16,0.0,0.0,1575420030,,,,0,19.32458019555049,1,6.0,32.34000015258789,0.0,0.0,0.0,66.7128,C,27950058000000,
1732149066000,39239000000,,690206.8125909959,-1416184244761999872,0.0,69.67669579379101,2087.5140124937493,0.0,0,13,0.0,16431,347483931469163,74,31.097999572753906,648.3425294954114,0.14999,16,0.0,0.0,1575420030,,,,0,17.87083178536269,1,6.0,31.097999572753906,0.0,0.0,0.0,66.7128,C,27950058000000,
1732149066000,39239000000,,690206.8125909959,-1416184244761999872,0.0,69.67669579379101,2087.5140124937493,0.0,0,27,0.0,16431,347483917890381,487,20.100000381469727,921.5340914253854,0.14999,16,0.0,0.0,1575420030,,,,0,4.392347420125583,6,6.0,20.100000381469727,0.0,0.0,-10.86391134944448,66.7128,C,27950058000000,
1732149066000,39239000000,,690206.8125909959,-1416184244761999872,0.0,69.67669579379101,2087.5140124937493,0.0,0,21,0.0,16431,347483921070033,235,26.399999618530273,546.602221750797,0.14999,16,0.0,0.0,1575420030,,,,0,12.832687037655841,6,6.0,26.399999618530273,0.0,0.0,-10.86391134944448,66.7128,C,27950058000000,
1732149066000,39239000000,,690206.8125909959,-1416184244761999872,0.0,69.67669579379101,2087.5140124937493,0.0,0,29,0.0,16431,347483917860779,316,24.5,1086.6441434653364,0.14999,16,0.0,0.0,1575420030,,,,0,10.517220970313133,6,6.0,24.5,0.0,0.0,-10.86391134944448,66.7128,C,27950058000000,
1732149066000,39239000000,,690206.8125909959,-1416184244761999872,0.0,69.67669579379101,2087.5140124937493,0.0,0,19,0.0,16431,347483926601401,396,24.332000732421875,22.13153510546276,0.14999,16,0.0,0.0,1575420030,,,,0,9.07750757208911,1,6.0,24.332000732421875,0.0,0.0,0.0,66.7128,C,27950058000000,
1732149066000,39239000000,,690206.8125909959,-1416184244761999872,0.0,69.67669579379101,2087.5140124937493,0.0,0,2,0.0,16431,347483921222716,316,25.96299934387207,665.1197321326097,0.14999,16,0.0,0.0,1575420030,,,,0,11.38456033134629,1,6.0,25.96299934387207,0.0,0.0,0.0,66.7128,C,27950058000000,
1732149066000,39239000000,,690206.8125909959,-1416184244761999872,0.0,69.67669579379101,2087.5140124937493,0.0,0,8,0.0,17,301651,487,5.0,865.8405109365164,0.14999,16,0.0,0.0,1605374980,,,,0,2.2632408018398458,3,6.0,18.0,0.0,0.0,62.7116640047293,66.7128,C,27950058000000,
1732149066000,39239000000,,690206.8125909959,-1416184244761999872,0.0,69.67669579379101,2087.5140124937493,0.0,0,18,0.0,17,578326,797,5.0,1243.640363793395,0.14999,16,0.0,0.0,1600312450,,,,0,0.5276445528959393,3,6.0,17.0,0.0,0.0,62.7116640047293,66.7128,C,27950058000000,
1732149066000,39239000000,,690206.8125909959,-1416184244761999872,0.0,69.67669579379101,2087.5140124937493,0.0,0,9,0.0,17,327476,316,5.0,860.6305718574052,0.14999,16,0.0,0.0,1600875010,,,,0,12.234556720351858,3,6.0,24.0,0.0,0.0,62.7116640047293,66.7128,C,27950058000000,
1732149067000,40239000000,,689395.2615712568,-1416184244761999872,0.0,68.963101691284,2083.5384857874146,0.0,0,30,0.0,16431,347484930508144,51,36.03300094604492,917.7179042010195,0.14999,16,0.0,0.0,1575420030,,,,0,23.50512653856387,1,6.0,36.03300094604492,0.0,0.0,0.0,66.7128,C,27951058000000,
1732149067000,40239000000,,689395.2615712568,-1416184244761999872,0.0,68.963101691284,2083.5384857874146,0.0,0,7,0.0,16431,347484923153001,42,39.20100021362305,1131.6393053989075,0.14999,16,0.0,0.0,1575420030,,,,0,26.950711446534665,1,6.0,39.20100021362305,0.0,0.0,0.0,66.7128,C,27951058000000,
1732149067000,40239000000,,689395.2615712568,-1416184244761999872,0.0,68.963101691284,2083.5384857874146,0.0,0,17,0.0,16431,347484932590946,235,27.944000244140625,406.5494700355838,0.14999,16,0.0,0.0,1575420030,,,,0,13.990540857868732,1,6.0,27.944000244140625,0.0,0.0,0.0,66.7128,C,27951058000000,
1732149067000,40239000000,,689395.2615712568,-1416184244761999872,0.0,68.963101691284,2083.5384857874146,0.0,0,15,0.0,16431,347484925500617,487,21.152000427246094,436.73675513670526,0.14999,16,0.0,0.0,1575420030,,,,0,4.222861269251486,1,6.0,21.152000427246094,0.0,0.0,0.0,66.7128,C,27951058000000,
1732149067000,40239000000,,689395.2615712568,-1416184244761999872,0.0,68.963101691284,2083.5384857874146,0.0,0,22,0.0,16431,347484931517901,235,29.725000381469727,622.8301225254754,0.14999,16,0.0,0.0,1575420030,,,,0,16.210411205428635,1,6.0,29.725000381469727,0.0,0.0,0.0,66.7128,C,27951058000000,
1732149067000,40239000000,,689395.2615712568,-1416184244761999872,0.0,68.963101691284,2083.5384857874146,0.0,0,14,0.0,16431,347484932487325,316,25.679000854492188,760.565528440107,0.14999,16,0.0,0.0,1575420030,,,,0,11.001015035448619,1,6.0,25.679000854492188,0.0,0.0,0.0,66.7128,C,27951058000000,
1732149067000,40239000000,,689395.2615712568,-1416184244761999872,0.0,68.963101691284,2083.5384857874146,0.0,0,13,0.0,16431,347484931467009,235,28.996000289916992,648.5342633791123,0.14999,16,0.0,0.0,1575420030,,,,0,15.303628728167984,1,6.0,28.996000289916992,0.0,0.0,0.0,66.7128,C,27951058000000,
1732149067000,40239000000,,689395.2615712568,-1416184244761999872,0.0,68.963101691284,2083.5384857874146,0.0,0,27,0.0,16431,347484917887310,396,21.299999237060547,920.0010566072701,0.14999,16,0.0,0.0,1575420030,,,,0,6.135350934503585,6,6.0,21.299999237060547,0.0,0.0,-5.665584247337266,66.7128,C,27951058000000,
1732149067000,40239000000,,689395.2615712568,-1416184244761999872,0.0,68.963101691284,2083.5384857874146,0.0,0,21,0.0,16431,347484921068206,316,27.600000381469727,546.1616101314562,0.14999,16,0.0,0.0,1575420030,,,,0,14.210101101363575,6,6.0,27.600000381469727,0.0,0.0,-5.665584247337266,66.7128,C,27951058000000,
1732149067000,40239000000,,689395.2615712568,-1416184244761999872,0.0,68.963101691284,2083.5384857874146,0.0,0,29,0.0,16431,347484917857151,316,22.200000762939453,1085.482497226408,0.14999,16,0.0,0.0,1575420030,,,,0,7.410292918069417,6,6.0,22.200000762939453,0.0,0.0,-5.665584247337266,66.7128,C,27951058000000,
1732149067000,40239000000,,689395.2615712568,-1416184244761999872,0.0,68.963101691284,2083.5384857874146,0.0,0,19,0.0,16431,347484926601327,316,27.14699935913086,21.738450445905396,0.14999,16,0.0,0.0,1575420030,,,,0,12.958800173440752,1,6.0,27.14699935913086,0.0,0.0,0.0,66.7128,C,27951058000000,
1732149067000,40239000000,,689395.2615712568,-1416184244761999872,0.0,68.963101691284,2083.5384857874146,0.0,0,2,0.0,16431,347484921220503,235,28.354999542236328,663.9330912657601,0.14999,16,0.0,0.0,1575420030,,,,0,14.50321107908269,1,6.0,28.354999542236328,0.0,0.0,0.0,66.7128,C,27951058000000,
1732149067000,40239000000,,689395.2615712568,-1416184244761999872,0.0,68.963101691284,2083.5384857874146,0.0,0,8,0.0,17,298761,487,5.0,863.8641176899673,0.14999,16,0.0,0.0,1605374980,,,,0,0.2847347169722063,3,6.0,18.0,0.0,0.0,62.841256230568604,66.7128,C,27951058000000,
1732149067000,40239000000,,689395.2615712568,-1416184244761999872,0.0,68.963101691284,2083.5384857874146,0.0,0,18,0.0,17,574198,487,5.0,1243.079643301932,0.14999,16,0.0,0.0,1600312450,,,,0,1.9922828235844117,3,6.0,19.0,0.0,0.0,62.841256230568604,66.7128,C,27951058000000,
1732149067000,40239000000,,689395.2615712568,-1416184244761999872,0.0,68.963101691284,2083.5384857874146,0.0,0,9,0.0,17,324605,396,5.0,860.1262836123689,0.14999,16,0.0,0.0,1600875010,,,,0,10.466835233578145,3,6.0,23.0,0.0,0.0,62.841256230568604,66.7128,C,27951058000000,
1732149068000,41239000000,,688879.9050441756,-1416184244761999872,0.0,68.95844453877078,2078.6490267582694,0.0,0,30,0.0,16431,347485930505085,58,34.03300094604492,915.8059545402909,0.14999,16,0.0,0.0,1575420030,,,,0,21.27029745283856,1,6.0,34.03300094604492,0.0,0.0,0.0,66.7128,C,27952058000000,
1732149068000,41239000000,,688879.9050441756,-1416184244761999872,0.0,68.95844453877078,2078.6490267582694,0.0,0,7,0.0,16431,347485923149232,58,33.99300003051758,1130.3297355627649,0.14999,16,0.0,0.0,1575420030,,,,0,21.22207587367174,1,6.0,33.99300003051758,0.0,0.0,0.0,66.7128,C,27952058000000,
1732149068000,41239000000,,688879.9050441756,-1416184244761999872,0.0,68.95844453877078,2078.6490267582694,0.0,0,17,0.0,16431,347485932589587,316,25.104000091552734,406.23164801028753,0.14999,16,0.0,0.0,1575420030,,,,0,10.179041433809417,1,6.0,25.104000091552734,0.0,0.0,0.0,66.7128,C,27952058000000,
1732149068000,41239000000,,688879.9050441756,-1416184244761999872,0.0,68.95844453877078,2078.6490267582694,0.0,0,15,0.0,16431,347485925499161,396,21.84000015258789,435.127389140756,0.14999,16,0.0,0.0,1575420030,,,,0,5.345180108830114,1,6.0,21.84000015258789,0.0,0.0,0.0,66.7128,C,27952058000000,
1732149068000,41239000000,,688879.9050441756,-1416184244761999872,0.0,68.95844453877078,2078.6490267582694,0.0,0,22,0.0,16431,347485931515825,235,28.003000259399414,622.0976126770838,0.14999,16,0.0,0.0,1575420030,,,,0,14.073527695869913,1,6.0,28.003000259399414,0.0,0.0,0.0,66.7128,C,27952058000000,
1732149068000,41239000000,,688879.9050441756,-1416184244761999872,0.0,68.95844453877078,2078.6490267582694,0.0,0,14,0.0,16431,347485932484794,316,28.87299919128418,758.2624918317181,0.14999,16,0.0,0.0,1575420030,,,,0,15.15906134700884,1,6.0,28.87299919128418,0.0,0.0,0.0,66.7128,C,27952058000000,
1732149068000,41239000000,,688879.9050441756,-1416184244761999872,0.0,68.95844453877078,2078.6490267582694,0.0,0,27,0.0,16431,347485917884242,396,22.100000381469727,919.6512247332048,0.14999,16,0.0,0.0,1575420030,,,,0,7.350800290705372,6,6.0,22.100000381469727,0.0,0.0,-3.295836960047596,66.7128,C,27952058000000,
1732149068000,41239000000,,688879.9050441756,-1416184244761999872,0.0,68.95844453877078,2078.6490267582694,0.0,0,21,0.0,16431,347485921066389,316,23.700000762939453,543.7866094363573,0.14999,16,0.0,0.0,1575420030,,,,0,9.413467834168435,6,6.0,23.700000762939453,0.0,0.0,-3.295836960047596,66.7128,C,27952058000000,
1732149068000,41239000000,,688879.9050441756,-1416184244761999872,0.0,68.95844453877078,2078.6490267582694,0.0,0,29,0.0,16431,347485917853529,396,18.700000762939453,1084.7579317671884,0.14999,16,0.0,0.0,1575420030,,,,0,2.1008829973962575,6,6.0,18.700000762939453,0.0,0.0,-3.295836960047596,66.7128,C,27952058000000,
1732149068000,41239000000,,688879.9050441756,-1416184244761999872,0.0,68.95844453877078,2078.6490267582694,0.0,0,19,0.0,16431,347485926601250,396,24.63800048828125,20.614667816188685,0.14999,16,0.0,0.0,1575420030,,,,0,9.50711714716098,1,6.0,24.63800048828125,0.0,0.0,0.0,66.7128,C,27952058000000,
1732149068000,41239000000,,688879.9050441756,-1416184244761999872,0.0,68.95844453877078,2078.6490267582694,0.0,0,2,0.0,16431,347485921218296,235,29.410999298095703,663.1616957230003,0.14999,16,0.0,0.0,1575420030,,,,0,15.836530389353726,1,6.0,29.410999298095703,0.0,0.0,0.0,66.7128,C,27952058000000,
1732149068000,41239000000,,688879.9050441756,-1416184244761999872,0.0,68.95844453877078,2078.6490267582694,0.0,0,8,0.0,17,295890,316,5.0,864.0663617601332,0.14999,16,0.0,0.0,1605374980,,,,0,9.691440024499613,3,6.0,24.0,0.0,0.0,59.73941322589718,66.7128,C,27952058000000,
1732149068000,41239000000,,688879.9050441756,-1416184244761999872,0.0,68.95844453877078,2078.6490267582694,0.0,0,18,0.0,17,570037,487,5.0,1243.3301838282155,0.14999,16,0.0,0.0,1600312450,,,,0,2.430319652541007,3,6.0,18.0,0.0,0.0,59.73941322589718,66.7128,C,27952058000000,
1732149068000,41239000000,,688879.9050441756,-1416184244761999872,0.0,68.95844453877078,2078.6490267582694,0.0,0,9,0.0,17,321742,235,5.0,859.1954306052122,0.14999,16,0.0,0.0,1600875010,,,,0,15.150768099103137,3,6.0,28.0,0.0,0.0,59.73941322589718,66.7128,C,27952058000000,
1732149069000,42239000000,,688114.4796844756,-1416184244761999872,0.0,68.94421859202274,2075.5086280284963,0.0,0,30,0.0,16431,347486930502025,58,33.01499938964844,916.4827607476461,0.14999,16,0.0,0.0,1575420030,,,,0,20.114751021223963,1,6.0,33.01499938964844,0.0,0.0,0.0,66.7128,C,27953058000000,
1732149069000,42239000000,,688114.4796844756,-1416184244761999872,0.0,68.94421859202274,2075.5086280284963,0.0,0,7,0.0,16431,347486923145461,42,39.78900146484375,1130.4605624628136,0.14999,16,0.0,0.0,1575420030,,,,0,27.577644963069794,1,6.0,39.78900146484375,0.0,0.0,0.0,66.7128,C,27953058000000,
1732149069000,42239000000,,688114.4796844756,-1416184244761999872,0.0,68.94421859202274,2075.5086280284963,0.0,0,17,0.0,16431,347486932588237,235,29.659000396728516,405.42856782767217,0.14999,16,0.0,0.0,1575420030,,,,0,16.123876097267058,1,6.0,29.659000396728516,0.0,0.0,0.0,66.7128,C,27953058000000,
1732149069000,42239000000,,688114.4796844756,-1416184244761999872,0.0,68.94421859202274,2075.5086280284963,0.0,0,15,0.0,16431,347486925497710,235,28.5049991607666,434.4269355995497,0.14999,16,0.0,0.0,1575420030,,,,0,14.710335996597262,1,6.0,28.5049991607666,0.0,0.0,0.0,66.7128,C,27953058000000,
1732149069000,42239000000,,688114.4796844756,-1416184244761999872,0.0,68.94421859202274,2075.5086280284963,0.0,0,22,0.0,16431,347486931513745,316,25.218000411987305,621.4743265652032,0.14999,16,0.0,0.0,1575420030,,,,0,10.34977694850861,1,6.0,25.218000411987305,0.0,0.0,0.0,66.7128,C,27953058000000,
1732149069000,42239000000,,688114.4796844756,-1416184244761999872,0.0,68.94421859202274,2075.5086280284963,0.0,0,27,0.0,16431,347486917881177,487,19.700000762939453,917.568401017654,0.14999,16,0.0,0.0,1575420030,,,,0,3.7840866911427025,6,6.0,19.700000762939453,0.0,0.0,-3.8870161767388693,66.7128,C,27953058000000,
1732149069000,42239000000,,688114.4796844756,-1416184244761999872,0.0,68.94421859202274,2075.5086280284963,0.0,0,13,0.0,16431,347486931462714,74,29.740999221801758,645.8557033924938,0.14999,16,0.0,0.0,1575420030,,,,0,16.231910943232673,1,6.0,29.740999221801758,0.0,0.0,0.0,66.7128,C,27953058000000,
1732149069000,42239000000,,688114.4796844756,-1416184244761999872,0.0,68.94421859202274,2075.5086280284963,0.0,0,21,0.0,16431,347486921064573,235,28.100000381469727,543.7087915892047,0.14999,16,0.0,0.0,1575420030,,,,0,14.761354584617878,6,6.0,28.100000381469727,0.0,0.0,-3.8870161767388693,66.7128,C,27953058000000,
1732149069000,42239000000,,688114.4796844756,-1416184244761999872,0.0,68.94421859202274,2075.5086280284963,0.0,0,29,0.0,16431,347486917849910,396,21.0,1083.5803038330837,0.14999,16,0.0,0.0,1575420030,,,,0,5.7132813624845955,6,6.0,21.0,0.0,0.0,-3.8870161767388693,66.7128,C,27953058000000,
1732149069000,42239000000,,688114.4796844756,-1416184244761999872,0.0,68.94421859202274,2075.5086280284963,0.0,0,19,0.0,16431,347486926601174,316,24.63800048828125,19.517970443122717,0.14999,16,0.0,0.0,1575420030,,,,0,9.50711714716098,1,6.0,24.63800048828125,0.0,0.0,0.0,66.7128,C,27953058000000,
1732149069000,42239000000,,688114.4796844756,-1416184244761999872,0.0,68.94421859202274,2075.5086280284963,0.0,0,2,0.0,16431,347486921216086,316,29.691999435424805,662.4953426592925,0.14999,16,0.0,0.0,1575420030,,,,0,16.167251416560845,1,6.0,29.691999435424805,0.0,0.0,0.0,66.7128,C,27953058000000,
1732149069000,42239000000,,688114.4796844756,-1416184244761999872,0.0,68.94421859202274,2075.5086280284963,0.0,0,8,0.0,17,293024,487,5.0,862.6591332953584,0.14999,16,0.0,0.0,1605374980,,,,0,4.819663633612494,3,6.0,20.0,0.0,0.0,59.245849091889596,66.7128,C,27953058000000,
1732149069000,42239000000,,688114.4796844756,-1416184244761999872,0.0,68.94421859202274,2075.5086280284963,0.0,0,18,0.0,17,565894,487,5.0,1240.8850583050028,0.14999,16,0.0,0.0,1600312450,,,,0,2.430319652541007,3,6.0,18.0,0.0,0.0,59.245849091889596,66.7128,C,27953058000000,
1732149069000,42239000000,,688114.4796844756,-1416184244761999872,0.0,68.94421859202274,2075.5086280284963,0.0,0,9,0.0,17,318875,316,5.0,858.1135197230237,0.14999,16,0.0,0.0,1600875010,,,,0,9.37471028384427,3,6.0,24.0,0.0,0.0,59.245849091889596,66.7128,C,27953058000000,
1732149070000,43239000000,,686978.5897015461,-1416184244761999872,0.0,66.73476873385255,2075.1671280280843,0.0,0,30,0.0,16431,347487930498966,235,27.885000228881836,915.287850282711,0.14999,16,0.0,0.0,1575420030,,,,0,13.906753491389587,1,6.0,27.885000228881836,0.0,0.0,0.0,66.7128,C,27954058000000,
1732149070000,43239000000,,686978.5897015461,-1416184244761999872,0.0,66.73476873385255,2075.1671280280843,0.0,0,7,0.0,16431,347487923141692,74,30.95800018310547,1130.6794745199977,0.14999,16,0.0,0.0,1575420030,,,,0,17.7093126544005,1,6.0,30.95800018310547,0.0,0.0,0.0,66.7128,C,27954058000000,
1732149070000,43239000000,,686978.5897015461,-1416184244761999872,0.0,66.73476873385255,2075.1671280280843,0.0,0,17,0.0,16431,347487932586881,74,29.773000717163086,405.62610901339934,0.14999,16,0.0,0.0,1575420030,,,,0,16.27475142286859,1,6.0,29.773000717163086,0.0,0.0,0.0,66.7128,C,27954058000000,
1732149070000,43239000000,,686978.5897015461,-1416184244761999872,0.0,66.73476873385255,2075.1671280280843,0.0,0,15,0.0,16431,347487925496264,235,28.316999435424805,434.28793201824783,0.14999,16,0.0,0.0,1575420030,,,,0,14.450648802867425,1,6.0,28.316999435424805,0.0,0.0,0.0,66.7128,C,27954058000000,
1732149070000,43239000000,,686978.5897015461,-1416184244761999872,0.0,66.73476873385255,2075.1671280280843,0.0,0,14,0.0,16431,347487932479716,74,30.423999786376953,758.4412638172962,0.14999,16,0.0,0.0,1575420030,,,,0,17.070494591724724,1,6.0,30.423999786376953,0.0,0.0,0.0,66.7128,C,27954058000000,
1732149070000,43239000000,,686978.5897015461,-1416184244761999872,0.0,66.73476873385255,2075.1671280280843,0.0,0,22,0.0,16431,347487931511667,235,29.360000610351562,620.980194850388,0.14999,16,0.0,0.0,1575420030,,,,0,15.768847789966847,1,6.0,29.360000610351562,0.0,0.0,0.0,66.7128,C,27954058000000,
1732149070000,43239000000,,686978.5897015461,-1416184244761999872,0.0,66.73476873385255,2075.1671280280843,0.0,0,27,0.0,16431,347487917878117,396,24.0,918.4831672328394,0.14999,16,0.0,0.0,1575420030,,,,0,9.827159811365455,6,6.0,24.0,0.0,0.0,-2.5831615968794934,66.7128,C,27954058000000,
1732149070000,43239000000,,686978.5897015461,-1416184244761999872,0.0,66.73476873385255,2075.1671280280843,0.0,0,13,0.0,16431,347487931460549,316,25.625,646.0628614703766,0.14999,16,0.0,0.0,1575420030,,,,0,10.922230915829655,1,6.0,25.625,0.0,0.0,0.0,66.7128,C,27954058000000,
1732149070000,43239000000,,686978.5897015461,-1416184244761999872,0.0,66.73476873385255,2075.1671280280843,0.0,0,21,0.0,16431,347487921062761,316,20.5,543.901965683808,0.14999,16,0.0,0.0,1575420030,,,,0,5.039037771950441,6,6.0,20.5,0.0,0.0,-2.5831615968794934,66.7128,C,27954058000000,
1732149070000,43239000000,,686978.5897015461,-1416184244761999872,0.0,66.73476873385255,2075.1671280280843,0.0,0,29,0.0,16431,347487917846295,396,21.700000762939453,1083.777845018811,0.14999,16,0.0,0.0,1575420030,,,,0,6.667986111035388,6,6.0,21.700000762939453,0.0,0.0,-2.5831615968794934,66.7128,C,27954058000000,
1732149070000,43239000000,,686978.5897015461,-1416184244761999872,0.0,66.73476873385255,2075.1671280280843,0.0,0,19,0.0,16431,347487926601106,316,26.600000381469727,19.710447661482977,0.14999,16,0.0,0.0,1575420030,,,,0,12.241358513681481,1,6.0,26.600000381469727,0.0,0.0,0.0,66.7128,C,27954058000000,
1732149070000,43239000000,,686978.5897015461,-1416184244761999872,0.0,66.73476873385255,2075.1671280280843,0.0,0,2,0.0,16431,347487921213880,51,36.14899826049805,662.7772987872743,0.14999,16,0.0,0.0,1575420030,,,,0,23.634287128760477,1,6.0,36.14899826049805,0.0,0.0,0.0,66.7128,C,27954058000000,
1732149070000,43239000000,,686978.5897015461,-1416184244761999872,0.0,66.73476873385255,2075.1671280280843,0.0,0,8,0.0,17,290141,396,5.0,863.7087417226261,0.14999,16,0.0,0.0,1605374980,,,,0,7.149775015041238,3,6.0,21.0,0.0,0.0,58.411918334107554,66.7128,C,27954058000000,
1732149070000,43239000000,,686978.5897015461,-1416184244761999872,0.0,66.73476873385255,2075.1671280280843,0.0,0,18,0.0,17,561767,396,5.0,1241.0399196087624,0.14999,16,0.0,0.0,1600312450,,,,0,8.379430358654668,3,6.0,22.0,0.0,0.0,58.411918334107554,66.7128,C,27954058000000,
1732149070000,43239000000,,686978.5897015461,-1416184244761999872,0.0,66.73476873385255,2075.1671280280843,0.0,0,9,0.0,17,316017,235,5.0,858.4987538801113,0.14999,16,0.0,0.0,1600875010,,,,0,16.140231062802822,3,6.0,29.0,0.0,0.0,58.411918334107554,66.7128,C,27954058000000,
